1,-32.666666666666664
2,-3.4812636631828773
3,-8.256315611621883
4,-9.431963185641196
5,-9.045832605411823
6,-13.560030411617756
7,-3.1784103054962136
8,-17.418725518312133
9,-17.393255172847436
10,-11.83067557214907
11,-5.925267635491402
12,-2.576910020948325
13,-9.125796766371852
14,-20.483805744401735
15,-1.8373829462095168
16,-14.023148382864273
17,-15.27466895131607
18,-10.131309626858883
19,9.496005408824608
20,-20.500027083202898
21,-4.92976850538221
22,-0.23481789875775858
23,-7.146948717797917
24,-17.43797652681696
25,-1.612651933467649
26,-6.363666413931874
27,-8.86809178163155
28,-0.34049821282623866
29,-5.294281151967466
30,-0.6052679750144369
31,-3.784840557272903
32,5.354005638420482
33,-8.032156436239157
34,-0.8239522806026368
35,-0.7803674225547284
36,-2.6680659377169373
37,-2.419214662052822
38,-17.450107009702183
39,-6.149441466063548
40,-10.935818478497922
41,2.2495371364326218
42,-3.314832220956377
43,7.174715166305037
44,-6.156817679195918
45,-2.5064768394932453
46,-4.370524410632064
47,-6.43156384435076
48,-6.666230232667772
49,8.717927719856366
50,9.87356604410233
51,-9.156553668592064
52,-4.501136600232019
53,13.069304509901501
54,-6.213375539797816
55,-1.692052052918643
56,-7.985318502959738
57,-9.973559670636565
58,-7.767866571258378
59,-5.653045447539825
60,-5.052949080525457
61,-7.726741309840538
62,-5.933248528268927
63,-9.181735924819932
64,-3.2005245000390685
65,-2.8170472690968644
66,12.037466072877931
67,-4.975697235130667
68,-3.435650694844279
69,-10.887973006833114
70,12.325625552369196
71,-5.392841853659277
72,-5.429134838175421
73,0.30419199606094033
74,-7.732871144642445
75,-13.594893673379003
76,-4.351111718734213
77,0.41360208687098593
78,8.998287591845108
79,-2.4308252783469175
80,-14.618755415702319
81,-3.7321412933709173
82,-7.667367002220874
83,-3.586715473843422
84,-4.307501359910509
85,-3.438818276530329
86,-10.571012756686955
87,-2.527428733850257
88,-20.470334620808362
89,-17.404250725346202
90,-5.757183240376704
91,1.2098629854802134
92,-3.4305837994598924
93,-2.7266375927108877
94,-10.839135289290942
95,-5.753671813656599
96,-4.3761062350767475
97,-6.013078696412623
98,-3.3929942784368747
99,-10.571555346466884
100,-6.218206536613069
101,-4.4173124055001685
102,10.418426151487669
103,-6.854119685900616
104,-8.670876684384977
105,-0.4762122570320775
106,-3.878802219837376
107,-1.4354721210175494
108,-9.01497528454377
109,-10.632365818109658
110,-10.311763438626551
111,-10.545311382906377
112,-4.970005824243209
113,12.617647612775391
114,-6.963705187950232
115,-9.069571162197946
116,-7.428053730961282
117,-3.424186332688044
118,-8.054774771301274
119,-0.2281984068537159
120,-6.907930492969749
121,-4.048303303021958
122,13.440040576574926
123,-7.993448377290474
124,12.234406668823928
125,8.929120944478377
126,-1.2892258050479162
127,7.540355315292163
128,-6.710848955350258
129,-8.948102590854273
130,1.402727142345085
131,-6.079041558256855
132,-1.2917122217508925
133,-7.800208773262058
134,8.111807661160212
135,-9.266892576632857
136,-6.147041344320026
137,10.586005397317116
138,12.914697933368785
139,10.451335899696614
140,-2.4568094238773384
141,-6.037196929477888
142,11.685998712417648
143,-3.0254524026723515
144,-2.9495632260708575
145,-2.5641756997351814
146,-0.9365864687011802
147,-2.2831198019545025
148,9.608238891498141
149,-10.483201635342715
150,-5.756702128287944
151,-3.1665702935862603
152,-5.8941866060296
153,-7.744903213535339
154,-2.5583479746393394
155,-20.449900455558517
156,-17.407884457115543
157,-14.61608120564175
158,-2.0430196164098016
159,-8.604242971870788
160,-4.092232446500554
161,-5.126709428908634
162,-7.875332604595215
163,-20.496506799082947
164,-4.578937759149643
165,-6.409698688791269
166,8.691285864286005
167,-1.3871831802080097
168,9.656672952532961
169,-8.753830238306849
170,-6.53612073415788
171,-9.175980515734295
172,-8.327417599312
173,-8.938322293340622
174,-4.761015559837063
175,-10.62362641933918
176,-3.9678704001879184
177,-14.016315998918541
178,11.606380032317842
179,8.27560141377318
180,9.488785317881325
181,-7.007208622936008
182,-7.679659373242262
183,9.166470091078489
184,-7.430654710794957
185,-6.269971670014148
186,12.139471671122438
187,-3.138336533888471
188,-3.6825513989816216
189,-8.90262275464765
190,-4.58036589658367
191,3.4033359755762422
192,-1.296249047620195
193,-2.7962595020475236
194,-1.2660904997573867
195,-2.5670700914489157
196,9.027552773607828
197,-7.597818512192247
198,-13.994385242603581
199,-5.831722285699338
200,-6.756812561970417
201,-2.8091390080481906
202,-0.4430012433566873
203,1.0879507883861175
204,-13.631398835653219
205,-11.304135819767358
206,-8.035923662421487
207,-10.34316842454675
208,-20.46137550522681
209,-8.155960937426087
210,-8.01660459353255
211,-7.238660188654851
212,-13.59049219489965
213,-4.5184844421064145
214,-4.6056872407883
215,-7.443990984747302
216,-5.709003794243861
217,-6.068958045449666
218,-8.00013528996576
219,-17.42213814909745
220,-3.464868089132089
221,-6.960182493023498
222,-0.8216561168169543
223,0.24348107470016764
224,9.273931167885465
225,-7.510624029462318
226,-3.699289283730976
227,-4.695190149151167
228,10.374203722118677
229,-5.52713250042164
230,-7.14145654117813
231,-5.574119122791275
232,11.59235744414021
233,-15.32095406627982
234,-15.257086254211128
235,-11.853851423877671
236,-15.306158089818144
237,7.931252670171465
238,-14.634523218237549
239,-15.292758470080257
240,-17.427455884347232
241,-17.424204843343322
242,-5.122076055733803
243,-2.620943553758629
244,10.260759653713984
245,-6.077971205930464
246,-3.7079752816806595
247,-3.1290659548737705
248,8.281447025578139
249,-0.9087593500509199
250,-1.0260594741746687
251,-5.7968454374606955
252,-6.571132511775306
253,-9.344251320516348
254,11.944852711808432
255,7.275241630929912
256,-1.8342776785461898
257,-5.386031830798069
258,-4.5207396900594645
259,7.387605543803658
260,-9.370272252097045
261,-7.23031018269331
262,-5.7381325750651575
263,-1.350498246195726
264,-12.39707999415677
265,-11.889531481968529
266,-15.265474181767596
267,-17.396401049336497
268,-10.920921380939735
269,-20.477116139207993
270,-20.474978497874808
271,-10.8876271395436
272,-10.39493001627877
273,-20.464217754899337
274,-20.479189976073023
275,-13.116812152671889
276,-20.47217832957883
277,-17.42152570371013
278,-20.47667108403326
279,-15.27083906449451
280,-20.458116133113865
281,-5.697838759031305
282,-5.499377111967857
283,0.14519950176015875
284,-3.1229297398530105
285,-1.891326382393396
286,-1.8092741931927734
287,-10.954488442560525
288,-6.496361838895093
289,-9.303692535821826
290,-10.955484769482888
291,-8.595013852596706
292,-10.946643398485712
293,-20.507439974360278
294,-20.498981896353918
295,1.1658107526706232
296,0.4027461269194329
297,1.879513588671163
298,-0.8661441617080341
299,10.045621860227394
300,9.184534847331834
301,-8.481840850828778
302,-7.332254003608352
303,-8.700612271268195
304,7.436420679016516
305,-10.34261104917908
306,2.330964634214531
307,7.981094879918356
308,-1.398858809175122
309,-5.192093944758576
310,-1.1926785257929493
311,-4.06299756582626
312,-4.559589755081341
313,-1.0615530541806488
314,-0.46466593368765685
315,-1.123240140494362
316,-2.098989027355504
317,-0.7252270265352633
318,-1.0700182888297565
319,-0.5923225459531228
320,-3.402153034641866
321,0.025525054141084524
322,-0.985720906868871
323,0.3637295392063161
324,-4.355046936842952
325,-3.7327940293331596
326,-3.204955648049677
327,-3.661471785608123
328,6.55448639051167
329,-7.981724024476194
330,-2.5007996167141378
331,-1.2086297583973753
332,-0.3940588362598585
333,-2.5771065144462693
334,-3.090031940924951
335,-2.9055213027779274
336,-2.3584520338195376
337,-2.5416536372385257
338,-2.392629015492961
339,-14.646477626842705
340,-14.632382170470347
341,-20.44673567425337
342,-13.981300375750907
343,-14.618470050672917
344,-10.867253958041296
345,-8.288177911552538
346,-10.838234112301608
347,-12.489115807398695
348,-13.58119402784455
349,-9.38161393180406
350,-6.860320656906863
351,-20.447457662479703
352,-10.421887304252596
353,-17.426869511136523
354,-17.381089352701796
355,-20.47093508127457
356,-20.444084077871373
357,-9.548206419055449
358,9.50492746029505
359,-13.624745981120398
360,-2.4058474472341693
361,-10.675876227302457
362,-6.012966287834635
363,-9.606805101668245
364,-0.0987896256270299
365,-2.5385142536730276
366,11.415852821839142
367,-5.643368680078768
368,-9.144951294197558
369,-14.01678190678418
370,-1.728614162950506
371,-4.053440217629862
372,-1.0619326460933658
373,10.240885658513015
374,-10.500180657659147
375,-6.333858230385581
376,-5.016918461294472
377,-13.99914325722202
378,-15.192867457782503
379,-20.49899917916306
380,-20.52092695403534
381,-11.393829480634576
382,-9.832743417124234
383,-4.728550053350258
384,-2.494189888549231
385,-20.50114282169796
386,-17.453809230487597
387,-5.110134744678495
388,-6.851860771463018
389,-7.646619792301507
390,-13.5680022036501
391,-12.014137793236655
392,-20.504548508856722
393,-15.245815327195917
394,-11.86047747955946
395,7.0146759686261015
396,-1.6405134322135368
397,-20.47196151929406
398,0.597487122716706
399,-2.181531505751102
400,-8.716922049293927
401,13.41009318030736
402,8.84103857086478
403,12.905038558272102
404,-10.399132825970396
405,-9.30959537920134
406,-8.739182729640667
407,-8.397491600496203
408,-6.678787344111799
409,-4.560926998116533
410,-8.308566810268351
411,-10.571772073508184
412,-6.347110630216915
413,12.246632480835265
414,-4.888915689833474
415,-7.754453231037647
416,-10.307228242755164
417,-4.668849415736994
418,-2.4330280630333734
419,8.751032706303498
420,-10.342506042523647
421,-9.114807364775857
422,11.663910958968197
423,11.481892722361522
424,-8.697239065723165
425,-8.973121478782145
426,-8.708212462400194
427,-10.5614314972061
428,-8.848165904196495
429,-7.091030604371727
430,-10.334911076227572
431,-5.936832580147526
432,10.07471814441712
433,-4.624374048563818
434,9.26220019415851
435,-7.345547277936764
436,-10.610110111473022
437,-1.4198933445350772
438,-5.471150619048819
439,-9.302945051246258
440,-9.04966775314174
441,-6.8820387230023785
442,-6.517316904480472
443,-1.518325856726303
444,-1.2075778794998173
445,8.855438568612715
446,-4.3482597485679975
447,11.252333414618233
448,-0.7597879548725992
449,0.14129282747414157
450,-2.058729256281425
451,-3.513685312083423
452,-2.6545767426941684
453,-3.6156479170958513
454,-2.913494723435239
455,0.022832431962260605
456,-2.570080238293678
457,-4.01443578897638
458,-2.871094797667241
459,-3.236498398661397
460,-0.9113736898243041
461,11.470256526207466
462,12.935075025527247
463,-2.6068267047934826
464,-2.963454405765328
465,-3.9385733034754162
466,-3.80752564996586
467,-8.445622024078597
468,-10.2745504769615
469,-10.325791263848325
470,-6.592829552462071
471,-8.99864922638152
472,-6.899447845149894
473,-10.392225897259271
474,-2.586848578239843
475,-7.79595580274862
476,10.813356298075986
477,-8.290511710121942
478,-5.399303951735098
479,-4.130236715577688
480,-2.4142005811174996
481,-3.0849037567030493
482,-2.9007414516132095
483,-3.4397204113032562
484,9.43594964602368
485,-2.9405394225523134
486,-14.00491200545153
487,-20.44812403618455
488,-17.40727617119009
489,-5.4472760844765356
490,-6.522929070024312
491,-20.444463135894893
492,-8.914420040409324
493,-3.2242409174313744
494,-2.8226087889269107
495,-2.4697472821627326
496,-2.947867845121104
497,-4.654653488424115
498,0.885027084332425
499,0.26982902284049803
500,-20.473239510830425
501,-20.47108451666229
502,-3.1477968669695535
503,-0.7330869065843335
504,-2.230675240677102
505,-0.6435952604083374
506,-0.7908108111266101
507,-6.798998459458372
508,-3.117337644132255
509,-3.6752266356615957
510,12.229172696724907
511,-8.312470770707044
512,-7.943510168976803
513,-1.1398973338819445
514,-9.450174519280152
515,-2.522370856332048
516,-10.953796948345248
517,-10.956030829212171
518,-10.053331429431124
519,-6.8537427897723395
520,-10.954676870859943
521,-11.841570937300512
522,-4.4038379867246285
523,-9.93718451402619
524,9.03158738838706
525,-3.841217139393459
526,-3.3309478949895213
527,8.95569708030824
528,-6.51843743828195
529,-10.953576760112162
530,-4.107982849553292
531,-7.3385632619887735
532,10.865900922553392
533,-3.8309694126482747
534,-3.0746803613672307
535,-2.82271849918405
536,-3.362295964533646
537,-4.129068999576858
538,-4.751871621408578
539,-2.333241099302063
540,-3.1796064720891244
541,-2.4116600578016683
542,-3.464473973448267
543,-2.355430686259929
544,-3.0213549738530068
545,-1.7314017117387084
546,0.32177659092495725
547,-2.9087663664372307
548,-2.91058806896123
549,-1.356277837440262
550,-3.506148908344055
551,-2.9615929400516943
552,-2.579429279587719
553,-0.36984302673986225
554,-3.3705779439509334
555,-3.2138971148423994
556,-3.1521886118028646
557,0.7870041636746237
558,-3.0743368398490123
559,-3.1437474369159997
560,-3.6780634810736506
561,-3.3569728648231663
562,-2.5640802993989027
563,-4.4909898723781865
564,-2.3842132462822865
565,7.858243329750408
566,-3.7290172722862684
567,-1.8169031798594832
568,-2.441202396035288
569,-3.288052661151419
570,-2.4842918746198164
571,-3.7742904918207723
572,1.5100318620886992
573,-2.003736839837947
574,7.09626166174347
575,-4.0101803508827505
576,-5.148192386292353
577,-3.452303793308312
578,-10.275762971784067
579,-6.628672523947353
580,-8.41875559461373
581,-4.044151143510426
582,-4.153472522330503
583,10.655673222085854
584,-4.380316534319666
585,-10.956131340047707
586,-9.578938461490523
587,-0.5614192991408432
588,0.7128277802558216
589,-3.7056984011476746
590,-4.845520515303759
591,10.2463566515091
592,-3.2374075510711697
593,-2.154710159081555
594,-2.9246026827119547
595,-5.179550167814456
596,-3.2243309463933914
597,-5.266163209396249
598,-4.87408191122969
599,-3.598456275326661
600,-2.3034430496923193
601,11.772328371618324
602,-17.391586934453006
603,-20.449881312533968
604,-2.2990441490854394
605,12.408795729202561
606,9.441436795219253
607,-3.515329238153544
608,-4.762050487931577
609,-1.9169912203193775
610,10.656421201419281
611,-4.170033008568651
612,-2.7640770082504282
613,-3.7427163260536855
614,-4.2728102596561595
615,-1.7265329962796836
616,-1.1384835505998228
617,11.189494165551885
618,-10.325364794543098
619,-10.339419301587155
620,-7.452935609799484
621,-10.357651603501957
622,0.7382796852947923
623,-7.277922845569161
624,-3.5578108801203525
625,-7.214846396003148
626,-11.37938493118239
627,-13.641027916566172
628,-3.591507681858708
629,-1.6085308355292505
630,-4.086024244341369
631,-4.091721095803008
632,-4.7587197420864165
633,-3.1931719052087946
634,-3.5388746932435216
635,-6.2647954052749455
636,-10.298984963287655
637,-6.083665936798318
638,-20.49609628018431
639,-20.50131297560257
640,-2.5686730571928558
641,-4.120844068667306
642,-3.71545805175151
643,-3.2644418179077994
644,11.63650393112724
645,-10.33697067617165
646,-10.737028636650509
647,-10.845211679632433
648,-10.91394022328659
649,-10.936092655946032
650,-10.935356153965499
651,-3.6385703954205586
652,-11.470892713934962
653,-20.499336911076846
654,-20.495918243065045
655,-20.509427066207113
656,-15.308337059031034
657,-2.386930684610077
658,-4.3894146463607
659,12.643826091708462
660,-2.923050005093892
661,-4.354296296356611
662,-3.852230064444812
663,-2.656478246217704
664,-2.3691893262223704
665,-3.7564504129333036
666,-1.2983222036733324
667,-3.421634239013471
668,-2.518395215913729
669,8.459869230620317
670,-2.5440100729724158
671,-1.2609927842429367
672,-3.195246813965259
673,-4.694152581895133
674,-3.7677933902166547
675,-2.5521840701854543
676,-4.704938282872632
677,-4.52368715468401
678,-4.2196385947119905
679,-4.112915574476569
680,-1.1244806134447884
681,-2.148300596539258
682,-3.1824057976888485
683,-3.419769634809932
684,-0.8865235693066884
685,-4.7108074977185925
686,-3.06334392057569
687,-3.462854294802072
688,-4.562942469443929
689,-3.0837717522953927
690,-3.893298444483802
691,-3.5463729739208096
692,-8.189302410160778
693,9.021256686881681
694,-7.290910119058181
695,12.494358968838286
696,-9.431030245838128
697,-10.865124690775815
698,-7.911429405996668
699,-4.063121367497204
700,-0.12461470046905188
701,10.03489585669552
702,-10.421914512274977
703,-10.342015205580568
704,-3.9018021009585113
705,-0.389050974109625
706,-5.2162858902309335
707,-4.096194236835931
708,-2.8884923695368148
709,-0.5851946231366081
710,-2.3604919785212446
711,-4.033787586211794
712,-4.102536186555997
713,-3.425271055429858
714,-4.702110459954904
715,-8.089723503932696
716,-20.447314865004117
717,-10.37316513477096
718,-7.308815504531947
719,-5.068086275323236
720,0.2076582844079907
721,11.85752253305216
722,11.588511987537322
723,-4.093119473534135
724,-13.567804622192508
725,-3.871325150488432
726,-4.467588361642375
727,-1.266619050348809
728,-4.07886531910701
729,-4.075622601579134
730,12.10513230633064
731,-10.368499953873616
732,-10.323868323381522
733,-10.537947447511298
734,-6.959963488582606
735,13.910878468520904
736,-10.283190605839021
737,-8.41980985569802
738,-10.851534651184357
739,-6.6613345668906065
740,-10.346304776188557
741,-10.372497461726892
742,-7.847128258592451
743,-8.973199119388255
744,9.674132734512387
745,-10.3376508128893
746,-7.919823918312664
747,-10.215701378305738
748,-10.722152622192581
749,14.455057066674948
750,-0.26005086777766045
751,-3.5743491463698707
752,-10.313307151587518
753,-10.334064775262004
754,-4.0613688842938815
755,-6.558483700195334
756,-10.366662114336947
757,-1.900717211691186
758,12.107621650250834
759,-10.314084354853788
760,-8.946598392927287
761,13.430250766393062
762,-6.213760132031006
763,-10.296902730265616
764,-7.283984784856392
765,-10.853881198137497
766,-4.160191839416491
767,-4.079052419540156
768,-8.699219625938218
769,-4.7230977008159964
770,-6.881701074115362
771,-10.273028153832131
772,-8.615281846819489
773,-10.245919118232953
774,-10.246948700053712
775,-10.310081383926336
776,-10.274605949851592
777,-0.13927048802653297
778,-4.0357455204974055
779,-3.6659228896824407
780,-1.3253590294439632
781,-4.0955388873481455
782,-0.6530061334793699
783,-4.117009256264162
784,-3.4290627088827046
785,-4.797053343826642
786,-0.9492122123569009
787,-13.60810598651999
788,-10.154012531150943
789,-2.2722090581678733
790,-4.171248436523871
791,11.984114472801776
792,-3.0018719818934256
793,-3.1519176075501623
794,-3.362125277402864
795,-2.307697376308986
796,-2.4978078209951793
797,-2.4105073596853512
798,-1.8296781191817733
799,-1.1295250802758856
800,-11.825793193355546
801,-20.46872246765317
802,-10.826893471467322
803,-6.466060504362496
804,-20.447134916270684
805,-20.448176702228047
806,-20.455669599166416
807,-20.451604578212063
808,-20.45157658000858
809,-9.902030739435824
810,-17.40953338392207
811,-12.310656650808653
812,-15.215059778532888
813,-15.235281330713304
814,-20.448618426632596
815,-20.452344500000528
816,-20.451039017025344
817,-8.28990250784493
818,-17.391904195828122
819,9.42608815908082
820,-6.1903182656071865
821,-20.475448880561693
822,-20.471859151460045
823,-10.28193127625962
824,0.30793486884737353
825,-2.942437403607637
826,-1.3843705459298652
827,-3.4605766428115854
828,-4.070361085942536
829,-2.0403842695804846
830,-11.99659197889895
831,-11.872812737698442
832,-6.435390770765339
833,-10.936966536230727
834,-8.142147479153332
835,-11.453108005328488
836,-9.175302137357635
837,-10.285658015814823
838,13.836176779363916
839,-1.697200906353333
840,-3.672207281160978
841,-4.076462236142523
842,-6.539879003570493
843,-4.081175961148256
844,-1.2359148160969453
845,-2.9405672111044856
846,-3.663901309270109
847,-2.5299352576174847
848,-3.870453687045315
849,-3.077329934193143
850,-3.2552853046335866
851,13.152288381056549
852,-10.308234657484807
853,-9.610208467360271
854,-6.68369882372842
855,-7.668525664510071
856,-13.638317307658392
857,-7.79359647890462
858,-13.621768347069448
859,-6.154915876933174
860,-6.524533432945961
861,12.554139589613245
862,-4.327748142845779
863,-4.06881959077877
864,-3.5554551521550213
865,-10.319038459157625
866,0.5568435873665379
867,11.103473104387692
868,-10.250961863002994
869,11.323703802047957
870,12.589955824315867
871,12.279464794732611
872,13.52542839836441
873,-4.075646948351277
874,12.51888011397264
875,11.204122676762871
876,-10.410767677865932
877,13.33603660786721
878,-4.157756475286532
879,-3.7896983277919247
880,-3.5986501955688173
881,-4.10428194611531
882,-4.084552349470413
883,-2.8845642925499733
884,-4.179604060860975
885,-4.15826999801733
886,-2.974688315956838
887,-8.601479597574688
888,-10.269341063994984
889,-4.174169520818343
890,-2.663960822712836
891,-3.6009845895902517
892,-2.5474259293299886
893,13.269343891252184
894,-9.06579663423197
895,-10.296406845884224
896,-8.46541380189316
897,-9.606220989029554
898,-3.3178619739742774
899,13.410876962177499
900,-3.8928190086551813
901,-7.888789943161887
902,13.11859581101796
903,-4.077218053266548
904,-3.461018862441923
905,-3.7821882759372007
906,-4.556377865290849
907,-4.0383962511626885
908,-3.8251462421039975
909,-4.0917630965750975
910,-3.3495054695389292
911,-9.590168796427385
912,-15.25067232519252
913,-10.609368664771686
914,-11.300103908762228
915,-3.5223049296626114
916,-9.109629660478456
917,-3.603593153713712
918,-6.962418156997848
919,-4.848206266712443
920,-9.677069707013759
921,-13.637170761886281
922,-3.3096004193859345
923,-2.8518935706453297
924,-4.64649435363161
925,-3.394858311319204
926,-1.9757753709398769
927,-2.6889603752572686
928,-4.777294864307993
929,13.669263869823368
930,-10.365016108234535
931,-10.400704404899678
932,-8.565528663288031
933,-8.367841066420928
934,-5.8647682197830955
935,-14.633467269693552
936,-15.324786719763202
937,-20.513885896931836
938,0.07094925498949349
939,-4.075157772414832
940,-8.468851051368828
941,-10.562985146269618
942,-10.249533480204278
943,-10.302228066250843
944,14.341184041254651
945,12.066566247760806
946,-10.286495083767043
947,-10.389490248836594
948,-10.336977353510493
949,-6.928602677724308
950,14.563658798659844
951,-1.540819375372439
952,-4.173373881712192
953,-1.9845855674857815
954,-10.509386211580258
955,-9.016243881196191
956,-10.389141641582471
957,11.797107560800276
958,12.24650507402057
959,-5.263053871990896
960,-9.208121152873822
961,-8.44255720278809
962,-10.314938436856828
963,-10.272797314239254
964,-9.560361834026516
965,-10.872549652190393
966,0.4348010308302797
967,-4.076070264550366
968,-1.292194110277671
969,12.679407903217374
970,13.079808039970919
971,-7.080094038216696
972,12.716418482881842
973,-3.299065218231744
974,-3.7519383493671588
975,12.095236440013979
976,-2.4525003014533584
977,-3.742048897206437
978,12.979510718463121
979,-3.4239306091791013
980,-10.36240689688718
981,-9.120345433697311
982,12.41188503175067
983,-3.9590097783718146
984,-4.078115951437728
985,-4.1234776940443965
986,-3.5473380667890306
987,-4.1161609938813
988,12.027834339213287
989,-4.088113586539969
990,-4.094883478907165
991,-3.7784534258797313
992,-4.083028255566381
993,-4.04779004507476
994,-4.079565746776796
995,-4.090437625685455
996,-4.1022783096983995
997,-3.0159833043392275
998,11.791026082207425
999,-1.5149290987414794
1000,-20.472793309447034
1001,-11.841892587826168
1002,-20.47306069571157
1003,-20.475945543377485
1004,0.17889129317661912
1005,-4.099732034053385
1006,-1.786109069813775
1007,-4.073999477582785
1008,-2.2597557791395673
1009,-1.7267038085631838
1010,-3.8787752271380973
1011,-3.253471409152297
1012,-4.64583145327632
1013,-5.311398509181466
1014,-10.416217983151405
1015,-4.231055728015017
1016,-1.391446546676558
1017,-3.293139288276794
1018,-4.12848868041965
1019,-4.124080018793676
1020,13.65024444530543
1021,-10.344018217371278
1022,-9.180605621520364
1023,-4.836324750978602
1024,13.175525772202628
1025,11.887340459490806
1026,-8.58714447468822
1027,-8.269235220130465
1028,-10.35709587738366
1029,-10.311944049233007
1030,-10.350605354352117
1031,-10.336597917505367
1032,-7.608039961028439
1033,-4.144206424326655
1034,-10.431525749211026
1035,-3.245275553521911
1036,-3.6474595005932366
1037,14.283187819209884
1038,-3.759087804468067
1039,-7.612528648032286
1040,-8.047996519475188
1041,-4.1421986375027435
1042,-4.106153972559618
1043,-4.108160855073543
1044,-4.785487481375356
1045,-3.3679470548308963
1046,-4.6125495127724365
1047,-20.473276874585967
1048,-20.46752556357648
1049,-20.469101046537247
1050,-10.954213221575618
1051,-10.953688569601873
1052,-10.95510611058822
1053,-10.956541824396723
1054,-10.953324384816202
1055,-5.716498649453054
1056,11.846229614295913
1057,-10.392797249233585
1058,11.106774087529192
1059,7.6009684136371805
1060,-1.5231340282616952
1061,-2.2658300489746335
1062,-10.88102278065342
1063,-10.414087603734213
1064,-3.8421042674011168
1065,-4.057067164283268
1066,-4.060810556741853
1067,-3.93160427444786
1068,-10.954177120153291
1069,-8.240745628657082
1070,-9.589852055148821
1071,-13.68390877736081
1072,-20.504686278706348
1073,-20.500691949538044
1074,-6.2867845243678415
1075,-10.241116466207524
1076,-10.648122005486194
1077,-10.307512108794715
1078,-3.635693066344092
1079,-2.034079193104348
1080,-1.9888189977294157
1081,-2.2111076994125405
1082,-4.107549084810497
1083,-4.137463473040563
1084,-4.058401747274407
1085,-3.7300765837112486
1086,-2.8652689969971
1087,-4.748973713621503
1088,-4.101214603797603
1089,-4.064751105778764
1090,-4.034036351543726
1091,-4.12152190937343
1092,-3.998937981109762
1093,-4.771981814703208
1094,-1.9269524514594651
1095,-2.6660686429137024
1096,-4.110812313727935
1097,-3.6991423976031914
1098,-4.7337750106478405
1099,-3.054604138904596
1100,-4.080803248032839
1101,-4.760414094162843
1102,-4.13728347673048
1103,-4.092632611546805
1104,-4.47149181716729
1105,-1.3626595421536445
1106,-3.562955302488706
1107,-3.3086974079234706
1108,-4.637277588143001
1109,-3.174405509299992
1110,-4.206501473049041
1111,12.14581808770371
1112,-6.821950749890362
1113,4.7006266914218555
1114,0.0928317999835256
1115,-4.172579470000794
1116,-2.8952960172845286
1117,-2.3123478896784695
1118,-4.081658276718774
1119,-0.5196225154805092
1120,-10.343492472646966
1121,-8.510839926000322
1122,-4.21435302311326
1123,-1.6767236527520901
1124,-6.567206060889094
1125,-10.95269028584835
1126,-5.824657657452812
1127,-4.0916742906850185
1128,-4.189026802411876
1129,-4.17764316525299
1130,-4.308875930475165
1131,-3.214255409627935
1132,-4.552706054229485
1133,-4.12677048226041
1134,14.672990723249608
1135,-7.190441907334465
1136,-10.364353484603738
1137,-10.298153124936364
1138,13.717759095714595
1139,-8.554482264497674
1140,-1.4134742072531807
1141,-3.565889242076556
1142,-0.9668984917870015
1143,-4.113050878973072
1144,-3.8917261556602423
1145,-2.500841726784559
1146,13.428880898628428
1147,-10.387122012774244
1148,-4.941464073147574
1149,-13.626138209266871
1150,9.248799169395726
1151,-20.463908597259934
1152,-4.725251294903217
1153,-6.62097330113613
1154,-10.388806880267968
1155,-4.625369419863629
1156,-10.82746066054503
1157,-6.615468548519248
1158,-10.149756718369353
1159,-8.749091473248553
1160,-20.51887879990486
1161,-20.500639173377287
1162,-20.51732166891383
1163,-20.494369406700837
1164,-20.509511386921034
1165,-4.662158248204355
1166,-3.54303469211897
1167,-4.052499969858383
1168,-2.349746192540512
1169,-4.057341575749944
1170,-3.76319290989955
1171,-4.099937937093609
1172,-4.765568034336138
1173,-4.119189399405539
1174,-2.307472858438048
1175,-2.6952974982053433
1176,-4.13391099975159
1177,-4.127744621820712
1178,-2.316138131169534
1179,-0.9169549998355166
1180,12.75909383427634
1181,-4.060658901931075
1182,-6.853234110587391
1183,-8.952001710674551
1184,11.218370968072149
1185,12.318895855325659
1186,-4.222354137371254
1187,-4.013758948101478
1188,-5.220185683106062
1189,-8.34509059012507
1190,-4.8705637411078175
1191,-3.7411180393901518
1192,-4.137419641763143
1193,-4.0641927171993135
1194,-3.7011047571817706
1195,-4.094761553003051
1196,-0.5709811054789284
1197,-4.084043735483699
1198,-3.7680087957287705
1199,-1.39330286942926
1200,-4.095860068550238
1201,-3.4352972244322957
1202,-4.085320103697204
1203,-4.1508960344186185
1204,11.977681631268437
1205,14.48132405209728
1206,-3.7442186190503213
1207,-2.695296171110528
1208,-3.966032603436269
1209,-4.07387078448559
1210,12.040622471071224
1211,-10.352451468760071
1212,-10.266870046297955
1213,-10.372657878682288
1214,-9.091254849062521
1215,-10.372507539831755
1216,-7.261231216282168
1217,13.280697149191239
1218,11.96990772176485
1219,-7.881379028512827
1220,-5.857899349328133
1221,-10.676560067308648
1222,-10.293318287506832
1223,-6.48812175704686
1224,-10.354653342770968
1225,-10.307029796190948
1226,-10.325830354414638
1227,-6.286696214980793
1228,-20.472825244097393
1229,-20.46852951727128
1230,-20.471152255783743
1231,-20.47320976114574
1232,-3.971724142027813
1233,-9.40529028079832
1234,-10.862022686965163
1235,-7.93291831139075
1236,-10.54915479935787
1237,10.645700613925365
1238,-2.110048409951945
1239,-4.559538349913136
1240,-4.051923503434251
1241,-4.046126536486884
1242,-0.7517665813833005
1243,-4.117337269051406
1244,-14.605056859135095
1245,-20.464705327102553
1246,-20.474395196347732
1247,-20.47669081752778
1248,-10.302774263230942
1249,-10.322928609008649
1250,-10.3257811674631
1251,-10.335900538558636
1252,-10.360687962421707
1253,-4.065577198177296
1254,-3.6433945226429056
1255,-3.1095598775764683
1256,-4.078985037948225
1257,-2.3845201684902646
1258,9.977566076127928
1259,-10.275244872747612
1260,-10.36584435218569
1261,-4.061229079000722
1262,-1.9816015844430903
1263,-6.373003348673436
1264,-10.953629602183177
1265,-10.952454535675077
1266,-4.691317083716208
1267,-4.106520033819854
1268,-3.6262515495438574
1269,-4.052109039897557
1270,-4.093318453520915
1271,-4.080058967367992
1272,-2.4107566960818145
1273,-4.132291491453995
1274,-4.090936651051135
1275,-2.4749972455542864
1276,-0.1645886309839426
1277,-14.607528084913111
1278,-3.8367855077528947
1279,-4.128265708431096
1280,-4.107050979361657
1281,-13.628046298503774
1282,-12.3773495289394
1283,-4.698648105169542
1284,-4.531734989481743
1285,-4.190810396889401
1286,-9.958773497609677
1287,-8.210599312290048
1288,-8.276680334646617
1289,-8.28866547198712
1290,-5.065766254084683
1291,-5.039740217688521
1292,-3.1218987459916514
1293,-4.102201057073477
1294,-3.428652981874614
1295,12.087878543562406
1296,-3.09731752431477
1297,-4.061672489918195
1298,-4.715728360719801
1299,-3.7922189372533226
1300,-1.135736789405712
1301,-4.675515061611086
1302,-3.979900917390393
1303,-2.749646802761181
1304,-3.933881103360563
1305,-2.2942243672062776
1306,12.473301938334977
1307,-10.361912011716724
1308,-7.447805582632084
1309,-1.1739057383880385
1310,-4.149813077517812
1311,12.042023832997232
1312,-10.226850477680166
1313,-6.5517553243222135
1314,-3.234580589582684
1315,-5.10046871317645
1316,-3.08622498037931
1317,-4.778007559019368
1318,13.616538382663531
1319,13.448112233550688
1320,-2.1833541963427985
1321,-4.728349093272026
1322,-4.062623123788616
1323,-3.87639935109305
1324,-8.699697019356442
1325,-10.292177788303455
1326,-10.43352825911027
1327,-6.555325745710863
1328,-10.39208072543608
1329,-10.359033403643117
1330,-7.700260060625382
1331,-10.37899752310066
1332,-8.630361571571079
1333,-10.484332891344195
1334,-6.329389083419296
1335,-8.549162755073272
1336,-1.00278380961949
1337,-2.9679006580521667
1338,-4.515571627990281
1339,-4.130077762847114
1340,-3.1701353601151356
1341,-10.401635626541918
1342,-8.561899079925432
1343,13.840878236286802
1344,-3.1732459004492446
1345,-10.272620890950027
1346,-7.894840179557649
1347,-10.239940777060339
1348,13.806354143589523
1349,-10.38047279310908
1350,-6.561529680033805
1351,-10.330638754595405
1352,11.594312240523148
1353,-4.0725586397515645
1354,-8.504103117317264
1355,-10.368324004298309
1356,-10.358029002591557
1357,-3.121485102552625
1358,13.148398792084777
1359,-3.499136258339272
1360,-12.473911409619248
1361,-3.6374258936873525
1362,-2.1774951820743764
1363,-4.072286529516405
1364,-3.418690601333242
1365,-4.105627337460599
1366,10.8046203399252
1367,-6.8609074510377335
1368,-0.3592725460239207
1369,13.109210075155334
1370,-0.5896732826937949
1371,-2.406587089802061
1372,-3.023746031945614
1373,-2.7330576593821747
1374,13.044411509280785
1375,-4.087299364454756
1376,-4.0265631382940645
1377,-4.1142377001940345
1378,-4.6167223465527645
1379,-2.0957260074800055
1380,-3.642881425506712
1381,-3.3674531790398405
1382,3.2290811915749886
1383,-4.736257985551607
1384,-6.494713038622663
1385,-9.688255302045377
1386,12.858196605838826
1387,-4.092950603723066
1388,-4.078295042839665
1389,-0.3156206653219044
1390,-8.096899349095672
1391,-20.47147088503994
1392,-3.801200150046137
1393,-4.089970001174852
1394,-4.53510386936672
1395,10.294828933463359
1396,-1.4505508913432594
1397,-3.662208762952895
1398,-2.5924008046689737
1399,-4.093188391699861
1400,12.957490707014166
1401,12.66146687901144
1402,1.57810623255167
1403,-0.5036887816639667
1404,-4.088173297292605
1405,-3.0405080830268174
1406,-4.088582061447176
1407,-4.07786656435506
1408,11.621869977177067
1409,-10.332211104543847
1410,-8.677835849428288
1411,13.29765907397008
1412,-3.8833787563413407
1413,-2.371123997723263
1414,-3.285849639997215
1415,-2.3216928515364
1416,-14.630952669677326
1417,-20.470895759796587
1418,-1.9815781037165205
1419,-10.290378661131143
1420,13.681177998899917
1421,13.9375751015366
1422,-4.062060197119016
1423,10.185502780211184
1424,-2.5315083597866477
1425,12.604069592501645
1426,-4.734826234787023
1427,-4.0581437869808665
1428,-4.750476394342067
1429,-4.446664397469509
1430,-4.985244071406723
1431,-10.26555014318808
1432,-6.214342292844006
1433,-10.294469551407351
1434,-1.5172586144793985
1435,-4.077713835907792
1436,-4.117863979898649
1437,-4.0828622982673775
1438,11.107394366977347
1439,13.881973348479953
1440,-2.897317551838734
1441,-4.760882225019592
1442,-3.401412832039149
1443,-12.39248655615806
1444,-12.400609940429511
1445,-13.640992486452365
1446,-12.37726407076432
1447,-13.623874781742364
1448,-10.465165406485184
1449,-12.41543141611736
1450,8.684790294271506
1451,-6.715720054365272
1452,13.41578366707347
1453,-4.043255446594572
1454,14.41503887981582
1455,-10.328083247977743
1456,12.136106235905663
1457,-4.7588985148035965
1458,9.566880937628653
1459,-4.155312166812661
1460,-2.7403710913777712
1461,-4.071580686915055
1462,-1.90100804700852
1463,-4.112738218996421
1464,-4.079598323651025
1465,-4.1252893258769
1466,10.692220438444682
1467,-8.373588110605093
1468,-8.589729955737601
1469,-8.718568052045203
1470,-10.354589483449443
1471,-10.30120887169009
1472,13.382789140190264
1473,-10.248285290977432
1474,-10.375517322108907
1475,-10.313194971728283
1476,-4.100413402468486
1477,-4.083250239748674
1478,-3.811987027796306
1479,-2.508252543879097
1480,11.19201603364084
1481,-6.888410205064471
1482,-7.048992961621952
1483,-11.990482116715508
1484,-20.452549773099754
1485,-6.2754967268943345
1486,-10.239154532432138
1487,-5.854517808088608
1488,-10.579547816202398
1489,-10.344585648630256
1490,-10.386933211974705
1491,-10.315525768741582
1492,-7.631030374480963
1493,-10.935424181361006
1494,-10.937416186738597
1495,-10.937295567281172
1496,-11.99826662680021
1497,-10.934278289657826
1498,-10.837691209547142
1499,-4.255346780393718
1500,-10.407386791010506
1501,-10.282605029255738
1502,-10.342098860843045
1503,13.150245774892307
1504,-6.957090151744226
1505,-1.1145614343686343
1506,11.432630669512333
1507,13.443147539758325
1508,-2.316402397289042
1509,-3.2395636900084814
1510,12.943784138193417
1511,-3.442039637228291
1512,-4.1280430329210125
1513,-4.483074221910566
1514,10.843833656481436
1515,-4.3250019530598465
1516,-10.939309252545034
1517,10.374558653562906
1518,-3.1786481935733595
1519,-1.1718592712809206
1520,-4.074017943386741
1521,-4.081132626126594
1522,-4.754363572878521
1523,-4.2258235088723834
1524,-10.376015442536655
1525,-10.374357810417862
1526,-3.997582497994211
1527,-4.057011676304713
1528,-4.144589129204114
1529,-4.104849432155803
1530,-4.152338223659377
1531,-4.053466520676321
1532,-8.89461876690003
1533,11.747184211545841
1534,12.424467285982841
1535,-10.936435653441764
1536,-6.56790624880684
1537,-10.937717364802781
1538,-9.234550513325464
1539,-7.340639327470322
1540,-9.465397681820653
1541,11.065386807557454
1542,-4.145569853397336
1543,-3.70923252492346
1544,-2.6587330097430977
1545,-20.502442885608893
1546,-20.50494419164898
1547,-4.174778665180895
1548,11.332131300150598
1549,-4.0661436730739515
1550,-4.126001828896704
1551,-4.072079349481044
1552,-4.100997968936408
1553,-1.6932802395020399
1554,-8.878139415058435
1555,-10.936575221596645
1556,-10.937492955705533
1557,-10.936299611574762
1558,-10.93577019144513
1559,-10.93768474757192
1560,-10.938189716539242
1561,-0.21445142563102967
1562,-7.345858371834712
1563,-4.146301961536369
1564,-4.070856264848246
1565,-4.093038368490263
1566,12.882780410601777
1567,-10.265520057345435
1568,-20.468273801369953
1569,-9.292675051180543
1570,9.819300165924531
1571,-3.430542047303796
1572,-4.793435594827759
1573,-4.9757399433787075
1574,-4.8666798101420365
1575,-5.063543627540665
1576,-3.6908622299785643
1577,-10.313522563823316
1578,-3.544806500417641
1579,-10.344237305051548
1580,-10.363733315609748
1581,-10.317522602971156
1582,-4.2344040979122335
1583,-10.956020549627805
1584,-10.953682185387192
1585,-10.955170217234631
1586,-10.956193318415684
1587,-10.95583994328506
1588,-10.95337092270647
1589,-2.905566612783675
1590,-5.325974659999986
1591,9.862865066630656
1592,-6.933425050128055
1593,-3.1427931649599894
1594,-10.938098553529054
1595,-10.93537956383051
1596,-13.532423805270406
1597,-9.814427671590598
1598,-8.286493573776626
1599,-3.058742079876017
1600,-4.112324753924286
1601,-0.818091284223692
1602,-4.109026991656464
1603,-4.149526244953585
1604,-10.935426104671743
1605,-4.115772418352725
1606,-11.47256516514111
1607,-20.498517898352922
1608,-13.729394478300762
1609,14.426680276602625
1610,-4.095893378886828
1611,-4.11738577742225
1612,-4.768549054344943
1613,-3.6959131959274014
1614,-6.050131087579746
1615,-20.50381135422045
1616,-20.502462206340063
1617,-20.509709188887438
1618,-20.512885420230486
1619,-3.908834388753543
1620,-4.134763454796233
1621,11.872184373111557
1622,-3.3247349292265604
1623,-4.060107749442099
1624,-2.0162725014402887
1625,-4.085034206181372
1626,-0.7259678130522957
1627,-8.70625914652149
1628,-5.769767124780331
1629,-11.360447661660602
1630,-20.44059443508332
1631,-20.448197520275365
1632,0.46501468644135147
1633,-2.6167629988245205
1634,-4.08918006254878
1635,-0.9420547784811852
1636,-4.12359084575474
1637,-4.15810711560174
1638,-4.106444307878012
1639,-4.0987910076195115
1640,-4.698614814026596
1641,-4.10574622690107
1642,-4.093286388038501
1643,-4.102342905868453
1644,-3.7541378014495566
1645,-10.277765399548024
1646,-10.366348986009204
1647,13.79972338949031
1648,-0.5389143420707563
1649,-2.058145308095554
1650,12.753866422734108
1651,-10.29945859123739
1652,-10.309121692390283
1653,-10.320005081173683
1654,14.146698413470133
1655,-4.077262873218983
1656,-4.0675551174275695
1657,-4.074064753319417
1658,13.801275313168485
1659,-10.28544024344928
1660,-7.238522586352135
1661,-10.333282527050699
1662,-8.497783141045186
1663,-10.387880546698456
1664,-1.8244109323040436
1665,-4.118893979652709
1666,-4.095930230937408
1667,-4.075655328568017
1668,-4.1366208549382595
1669,10.956925280232573
1670,11.674372189327899
1671,-10.935857689803958
1672,12.184849540426873
1673,-7.158632274337176
1674,-5.529422722488814
1675,-10.935597128387542
1676,-10.937054154416252
1677,-10.934925416039196
1678,-10.937495752041096
1679,0.34570288504811497
1680,-4.155504483287166
1681,-4.119272939781961
1682,-2.856940535159697
1683,-4.017706963581135
1684,-3.3983301329570534
1685,-4.290849801039783
1686,-11.973770071777972
1687,-6.168851393676417
1688,-9.426803720285951
1689,-8.074406807887875
1690,-8.89667902158871
1691,12.807057312268995
1692,-4.07592749408587
1693,-14.632889108352211
1694,-20.498149408837822
1695,-3.8444781650948303
1696,-4.111293622359684
1697,-10.393823029877277
1698,-3.228306637840152
1699,-2.3077544169658175
1700,-4.097563729592614
1701,-4.137362939955243
1702,-4.140612969000003
1703,13.17572734415168
1704,-6.47605744534155
1705,-10.285362622727353
1706,-10.33892445531429
1707,13.376829169944674
1708,-2.2053374810193604
1709,-4.084190807640986
1710,-20.445018926596322
1711,-20.4466381488683
1712,-20.450434573306104
1713,-20.44656764272412
1714,-20.448661409434333
1715,-10.423573495795909
1716,-10.407020307089786
1717,-20.448591368334405
1718,-20.44568518213154
1719,-3.3971454836461317
1720,-4.103377096543714
1721,-4.057445221973471
1722,-0.5974880632939232
1723,-20.448089431140062
1724,-4.074594468788728
1725,-14.011256838480715
1726,-20.44804493176942
1727,-20.445099951084593
1728,-2.7057540563952287
1729,-4.087962919955922
1730,-4.781535155062698
1731,-4.12257777770169
1732,-3.2591100934598036
1733,-4.105584385785958
1734,-4.072317238025737
1735,-4.102446000278042
1736,-4.071657249838652
1737,-4.090828291715017
1738,-4.1189703320023145
1739,-4.085316872250501
1740,-2.8969069793765647
1741,-4.100894645920923
1742,-4.0761537501896274
1743,-4.5853186434516084
1744,-4.1169567865320795
1745,-3.5598893695421343
1746,-4.095634008072044
1747,-1.7692132318541391
1748,11.626378229027923
1749,-4.169999322934163
1750,-4.079708706033651
1751,-4.065300917898933
1752,-4.055042891108591
1753,-4.180816284778613
1754,-4.1142028733052625
1755,-2.5317698743797585
1756,-3.817666187995047
1757,-4.128420773119541
1758,-4.062342022678399
1759,-0.2503614101792711
1760,-5.687607509142286
1761,-20.44861435672451
1762,-20.45211515109807
1763,-20.442443609885892
1764,-20.45155652200696
1765,-3.468924249029243
1766,-6.6629574989479465
1767,-10.227734323887205
1768,-3.047144107407367
1769,-4.090607206232145
1770,-4.510392705188177
1771,-2.496225311504599
1772,-14.005651351617516
1773,-20.445750516957272
1774,-20.447588468384527
1775,-20.443363497298424
1776,-20.445956685347646
1777,-20.449152671650015
1778,-20.445190152024587
1779,-20.444525755015512
1780,-20.449394848418024
1781,-2.5678912641621885
1782,13.323946234524136
1783,13.530729268764963
1784,12.809047985677784
1785,-10.302619375453956
1786,-0.9747846983942979
1787,-4.956327762074005
1788,11.120382777213573
1789,-4.122985193996468
1790,-4.117240141215493
1791,-4.128558304522929
1792,-4.076743962958599
1793,-4.099048790467659
1794,-4.091745966738845
1795,-4.087075842117267
1796,-4.043039000207584
1797,-3.0838589539847012
1798,-4.752521219397992
1799,-2.972681593751638
1800,-3.0388914728330163
1801,-9.488982110128974
1802,11.202984237765756
1803,-4.059924752739048
1804,-0.024713937193226565
1805,11.182081576572443
1806,-6.196201298919629
1807,-6.697729594690098
1808,13.965843843812513
1809,-4.109167265518597
1810,-3.858376296350399
1811,13.55471849363368
1812,-0.5567066402425789
1813,-3.581126005390232
1814,-4.099011778871163
1815,-6.7808289215552
1816,-10.362913329587867
1817,-6.65710664495308
1818,-0.7327097208144328
1819,11.962423746875162
1820,14.324981370297627
1821,-4.769473148386554
1822,-4.048139060870761
1823,-4.136760306624997
1824,-4.086989293884101
1825,-4.1368090839676706
1826,-0.39168026213666096
1827,-3.106290776858881
1828,-4.095302524931773
1829,-4.046638097949794
1830,-4.809388370571159
1831,-4.116890635884672
1832,-6.403235206482866
1833,12.708593699059032
1834,13.264475169161823
1835,-9.567561177667185
1836,-4.412043412810013
1837,-6.299582893434118
1838,-8.496249373131471
1839,13.875836972190648
1840,-10.348676374909092
1841,-4.091337005846963
1842,-2.683150741625402
1843,-0.8287178829430835
1844,-2.03281980714921
1845,-2.6833042339152997
1846,-4.137087542198329
1847,12.380643702578462
1848,-6.447351775503648
1849,-4.131965360669151
1850,-20.46910139152507
1851,-3.4274581010536367
1852,-4.156417566596383
1853,-3.889064661991985
1854,-4.478978291849338
1855,-4.065576537707517
1856,-4.105945636058221
1857,-4.073050423440647
1858,-4.065944966423106
1859,-4.765784413411208
1860,-4.089997574711787
1861,-4.14634292345076
1862,-4.1292736581976035
1863,12.202147806619648
1864,-10.225713408510702
1865,-10.378545822048329
1866,-10.369150705881022
1867,-1.3269235238066466
1868,-4.750145936804005
1869,-3.1232484953722093
1870,-4.081464897553923
1871,-4.097385329330274
1872,-4.145692238202975
1873,-4.0786550381146975
1874,-4.148565713737415
1875,-4.074701519130181
1876,-4.040250948752424
1877,-4.114823051725496
1878,-4.758286745583261
1879,13.47928558601248
1880,-8.545570480143576
1881,-10.326006994255827
1882,-1.1723090056320251
1883,-4.729485705344969
1884,-4.771348649342292
1885,-4.153525851646825
1886,-3.295050906729421
1887,-1.740689243295812
1888,-0.6443968658501029
1889,-4.118661022851266
1890,-3.7795026959612135
1891,-4.078131900294673
1892,-2.2798579117468623
1893,-5.724301816888409
1894,-10.937417058988398
1895,-10.870835409918056
1896,-10.200982150700247
1897,-10.285737476538166
1898,-10.343547361566495
1899,-9.239738149276935
1900,-10.935449295132818
1901,11.71607295511615
1902,10.710711915807693
1903,-9.405030281172388
1904,-4.858261092866487
1905,-10.935287293238094
1906,-10.937769262850177
1907,10.907921017589121
1908,-8.620532178442033
1909,-3.253016455630572
1910,-4.156588184662019
1911,-3.7585786280977103
1912,-10.408201875915019
1913,-10.305434455673733
1914,-10.347109940880506
1915,13.237919363722446
1916,-4.109518153728336
1917,-3.644545947519334
1918,-8.093375609071073
1919,-10.858572028411611
1920,-7.243288405042356
1921,-4.098743633575699
1922,-3.694579262257054
1923,-4.138538114102619
1924,-4.0569844962177015
1925,-4.057860818390451
1926,-4.071097768918236
1927,-4.098879038869882
1928,-2.4209860743811893
1929,-2.9593748495568013
1930,-4.094540425945879
1931,-4.092942809176065
1932,-2.2963171705534156
1933,-4.127122335741249
1934,-4.757772484844025
1935,13.211545944004882
1936,-10.373465710475374
1937,-10.294639486560737
1938,-10.285337452114195
1939,-10.367038272643
1940,0.325309301369719
1941,-5.944540484214052
1942,-10.728178580499254
1943,-16.70392917257158
1944,-20.471546961052915
1945,-20.46962378593916
1946,-15.251004429257918
1947,-4.174989194036198
1948,-4.772092264045708
1949,-4.075597774149777
1950,11.94606438735635
1951,-10.171898177635237
1952,-6.742124792309346
1953,-10.397736561771431
1954,-6.494009934294022
1955,-0.9017814192301123
1956,-4.083110305198104
1957,-4.09201608516588
1958,-4.082606670121748
1959,-4.106576457529375
1960,-4.149524480147699
1961,13.699744846202526
1962,-3.103122937121428
1963,-4.096345584750556
1964,-4.112397035619656
1965,-4.151841864225955
1966,-4.108263561076388
1967,10.83088994458378
1968,-0.8674008984821374
1969,-4.136958196854098
1970,10.346244184935221
1971,-2.4940269286810306
1972,-11.334237377553913
1973,-10.847960170923953
1974,-10.934301525209712
1975,-10.93558331195942
1976,-7.193452256368173
1977,-10.759539862308937
1978,-10.260432680275015
1979,-10.358357240859307
1980,-10.370103429506173
1981,-3.2129527500532475
1982,-10.38775143332173
1983,-10.019317668473658
1984,-12.373550425016909
1985,-13.629887940371928
1986,-13.6268413515554
1987,-5.326125843494325
1988,-4.746199338643878
1989,-4.11433542876462
1990,-4.057652107549671
1991,-4.055404371646673
1992,-4.378052886591074
1993,-2.8263356544940885
1994,10.43913265148955
1995,10.17876264010423
1996,-0.5054706090999502
1997,-4.0934270092690115
1998,-4.074311542456947
1999,-4.048802100430324
2000,-4.730704510989987
